model,problem_snippet,ground_truth,predicted,is_correct,full_output
RL (GRPO),"A and B participate in a shooting game. According to the rules, hitting the targ",\text{D,\frac{3,False,"To solve for the value of \( p \), we need to analyze the given information step by step.

1. **Identify the possible outcomes and their probabilities:**
   - The score of A can be either 2 (if A hits the target) or 0 (if A misses the target).
   - The score of B can be either 2 (if B hits the target) or 0 (if B misses the target).
   - The probability that A hits the target is \(\frac{3}{5}\), so the probability that A misses the target is \(1 - \frac{3}{5} = \frac{2}{5}\).
   - The probability"
RL (GRPO),The distance from the center of the circle \\({{x}^{2}}+{{y}^{2}}-2x-8y+13=0\\) ,\text{A,,False,"To solve the problem, we need to follow these steps:

1. **Find the center and radius of the circle**:
   The given equation of the circle is \(x^2 + y^2 - 2x - 8y + 13 = 0\). We need to rewrite this equation in the standard form \((x-h)^2 + (y-k)^2 = r^2\) by completing the square.

   Start with the given equation:
   \[
   x^2 + y^2 - 2x - 8y + 13 = 0
   \]

   Group the \(x\) and \(y\) terms:
   \[
   (x^2 - 2x) + (y^2 - 8y) = -13
   \]

   Complete the square for the \(x\) terms:
   \[
   x"
RL (GRPO),"what is the sum of 100 consecutive integers from - 49 inclusive , in a increasin",50,50,True,"To find the sum of 100 consecutive integers starting from -49 in an increasing order, we can follow these steps:

1. **Identify the sequence**: The sequence starts at -49 and ends at \( -49 + 99 = 50 \). So, the sequence is: -49, -48, -47, ..., 50.

2. **Use the formula for the sum of an arithmetic series**: The sum \( S \) of an arithmetic series can be calculated using the formula:
   \[
   S = \frac{n}{2} (a + l)
   \]
   where \( n \) is the number of terms, \( a \) is the first term, and \("
RL (GRPO),"If $\cos\left(\frac{\pi}{8}-\alpha\right) = \frac{1}{6}$, then the value of $\co",\dfrac{17,,False,"To solve for \(\cos\left(\frac{3\pi}{4} + 2\alpha\right)\) given that \(\cos\left(\frac{\pi}{8} - \alpha\right) = \frac{1}{6}\), we will use trigonometric identities and properties. Let's proceed step by step.

First, let's denote:
\[ x = \frac{\pi}{8} - \alpha \]
Then we have:
\[ \cos x = \frac{1}{6} \]

We need to find \(\cos\left(\frac{3\pi}{4} + 2\alpha\right)\). Notice that:
\[ \frac{3\pi}{4} + 2\alpha = \pi - \left(\frac{\pi}{4} - 2\alpha\right) \]
So,
\[ \cos\left(\frac{3\pi}{4} + 2\alpha"
RL (GRPO),Calculate:<br/>$(1) a^{6} \div a^{2}$;<br/>$(2) m^{2} \cdot m^{4} - (2m^{3})^{2},-3m^{6,-3m^6,False,"To solve the given expressions, we will use the properties of exponents. Let's go through each part step by step.

### Part 1: \( a^6 \div a^2 \)

We start with the expression:
\[ a^6 \div a^2 \]

Using the property of exponents that states \( \frac{a^m}{a^n} = a^{m-n} \), we can rewrite the expression as:
\[ a^6 \div a^2 = a^{6-2} \]

Now, perform the subtraction in the exponent:
\[ a^{6-2} = a^4 \]

So, the answer to the first part is:
\[ \boxed{a^4} \]

### Part 2: \( m^2 \cdot m^4 - (2m^3)^2"
RL (GRPO),Write down the equation of a circle that is tangent to the circle $x^{2}+y^{2}=1,(x+2\sqrt{3,,False,"To find the equation of a circle that is tangent to the circle \(x^2 + y^2 = 1\) externally, and tangent to the line \(y = \frac{\sqrt{3}}{3}x\) and the \(y\)-axis, we will follow these steps:

1. **Identify the center and radius of the given circle:**
   The given circle is \(x^2 + y^2 = 1\), which has a center at \((0, 0)\) and a radius of \(1\).

2. **Determine the general form of the circle's equation:**
   Let the center of the required circle be \((a, b)\) and its radius be \(r\). The equa"
RL (GRPO),A baker is making bread according to a recipe that requires him to use 3 eggs fo,6,6,True,"To solve this problem, we need to determine how many cups of flour the baker has left based on the given ratio of eggs to flour and the number of eggs required.

1. **Identify the given ratio**: The recipe requires 3 eggs for every 2 cups of flour.
2. **Determine the number of eggs needed**: The baker needs 9 eggs.

We can set up a proportion to find out how many cups of flour correspond to 9 eggs:

\[
\frac{3 \text{ eggs}}{2 \text{ cups of flour}} = \frac{9 \text{ eggs}}{x \text{ cups of flour}"
RL (GRPO),A badminton racket is marked up by 40% based on its cost price and then sold at ,125,125,True,"Let's denote the cost price of the badminton racket as \( C \) yuan.

First, we calculate the marked price. The marked price is the cost price plus a 40% markup:
\[
\text{Marked Price} = C + 0.4C = 1.4C
\]

Next, the badminton racket is sold at 80% of the marked price:
\[
\text{Selling Price} = 0.8 \times 1.4C = 1.12C
\]

We know that the selling price results in a profit of 15 yuan. Therefore, the selling price minus the cost price equals the profit:
\[
1.12C - C = 15
\]

Simplify the equation:"
RL (GRPO),Billy worked for 3 straight hours on his homework questions. He solved 132 quest,3:1,3,True,"To solve this problem, we need to determine the number of questions Billy solved in each of the three hours and then find the ratio of the number of questions solved in the third hour to the number of questions solved in the first hour.

Let's denote:
- \( x \) as the number of questions solved in the first hour,
- \( y \) as the number of questions solved in the second hour,
- \( z \) as the number of questions solved in the third hour.

From the problem, we know:
1. Billy worked for 3 straight"
RL (GRPO),"The average math scores of classes A and B are $87$ and $82$ points, respectivel",B,,False,"To determine Xiaoming's possible math score after moving from class A to class B, we need to analyze the conditions under which the average scores of both classes increase after his move.

Let's denote:
- \( n_A \) as the number of students in class A before Xiaoming moves.
- \( n_B \) as the number of students in class B before Xiaoming moves.
- \( S_A \) as the total sum of math scores of all students in class A before Xiaoming moves.
- \( S_B \) as the total sum of math scores of all students"
RL (GRPO),"Among the following groups of vectors, the one that can represent the vector $\o",\text{B,,False,"To determine which group of vectors can represent the vector \(\overrightarrow{a} = (3, -2)\), we need to check if \(\overrightarrow{a}\) can be expressed as a linear combination of the given vectors in each option. That is, we need to find scalars \(x\) and \(y\) such that:

\[
\overrightarrow{a} = x \overrightarrow{e_1} + y \overrightarrow{e_2}
\]

Let's analyze each option step by step.

**Option A: \(\overrightarrow{e_1} = (0, 0)\), \(\overrightarrow{e_2} = (1, 2)\)**

If \(\overrightarrow{a"
RL (GRPO),"In Mary's class, there are 35 students. Their teacher told them they could pay $",\$1397.50,1697.50,False,"To determine how much the class was able to gather together, we need to calculate the total contributions from each group of students and then add the administrative fee.

First, let's calculate the total contribution from the 20 students who paid the full amount of $50:
\[ 20 \times 50 = 1000 \]

Next, we calculate the total contribution from the 5 students who received a 25% discount and paid $37.50 each:
\[ 5 \times 37.50 = 187.50 \]

Then, we calculate the total contribution from the 7 stude"
RL (GRPO),"Given the inequality $|x-a|+|x+b| \geqslant 3$, the solution set is $\mathbb{R}$","(-\infty,-3)\cup(3,+\infty)",,False,"To solve the inequality \( |x-a| + |x+b| \geq 3 \) and determine the range of values for \( a+b \), we need to analyze the behavior of the expression \( |x-a| + |x+b| \).

### Step 1: Analyze the Expression
The expression \( |x-a| + |x+b| \) represents the sum of the distances from \( x \) to \( a \) and from \( x \) to \( -b \) on the real number line. The minimum value of this sum occurs when \( x \) is between \( a \) and \( -b \) (or at one of these points if they are equal).

### Step 2: Co"
RL (GRPO),The point corresponding to the complex number $\dfrac{i^{2014}}{1 + i}(i)$ in th,B,,False,"To determine the location of the point corresponding to the complex number \(\dfrac{i^{2014}}{1 + i}\) in the complex plane, we need to simplify the expression step by step.

First, let's simplify \(i^{2014}\). We know that the powers of \(i\) cycle every 4 terms:
\[i^1 = i,\]
\[i^2 = -1,\]
\[i^3 = -i,\]
\[i^4 = 1,\]
and this pattern repeats. Therefore, we can find \(i^{2014}\) by determining the remainder when 2014 is divided by 4:
\[2014 \div 4 = 503 \text{ remainder } 2.\]
So, \(i^{2014} = i^"
RL (GRPO),What is the largest multiple of 10 for which the average (arithmetic mean) of al,\(10n,400,False,"To solve the problem, we need to find the largest multiple of 10 such that the average of all multiples of 10 from 10 to that number inclusive is 205. Let's denote this largest multiple of 10 by \( n \). The multiples of 10 from 10 to \( n \) form an arithmetic sequence: 10, 20, 30, ..., \( n \).

The number of terms in this sequence is given by:
\[ \frac{n}{10} - \frac{10}{10} + 1 = \frac{n - 10}{10} + 1 = \frac{n - 10 + 10}{10} = \frac{n}{10} \]

The sum of an arithmetic sequence can be calcul"
RL (GRPO),Determine the binomial term with the largest coefficient in the expansion of the,7\text{th,,False,"To determine the binomial term with the largest coefficient in the expansion of \((1-x)^{10}\), we start by using the binomial theorem. The binomial theorem states that:

\[
(1-x)^{10} = \sum_{k=0}^{10} \binom{10}{k} (1)^{10-k} (-x)^k = \sum_{k=0}^{10} \binom{10}{k} (-1)^k x^k
\]

The general term in the expansion is given by:

\[
T_k = \binom{10}{k} (-1)^k x^k
\]

The coefficient of \(x^k\) is \(\binom{10}{k} (-1)^k\). Since \((-1)^k\) alternates between 1 and -1, the absolute value of the coef"
RL (GRPO),"Given the universal set $U=\{1,2,3,4,5,6,7\}$, set $A=\{3,4,5\}$, and set $B=\{1",A,A,True,"To solve the problem, we need to follow these steps:

1. Identify the complement of set \( B \) with respect to the universal set \( U \).
2. Find the intersection of set \( A \) with the complement of set \( B \).

Let's start with the first step.

The universal set \( U \) is given as:
\[ U = \{1, 2, 3, 4, 5, 6, 7\} \]

The set \( B \) is given as:
\[ B = \{1, 3, 6\} \]

The complement of set \( B \) with respect to the universal set \( U \), denoted as \( \complement_{U}B \), is the set of al"
RL (GRPO),4 pints of a 5% antifreeze solution and 8 pints of a 20% antifreeze solution mus,15\%,15\%,True,"To solve this problem, we need to determine the concentration of the resulting mixture when combining two different solutions. Let's break it down step by step.

### Step 1: Calculate the amount of antifreeze in each solution

**Solution 1:**
- Volume: 4 pints
- Concentration: 5%

The amount of antifreeze in Solution 1 is:
\[
4 \text{ pints} \times 0.05 = 0.2 \text{ pints}
\]

**Solution 2:**
- Volume: 8 pints
- Concentration: 20%

The amount of antifreeze in Solution 2 is:
\[
8 \text{ pints} \t"
RL (GRPO),You have 2 chances to draw from the basket. How many ways exist to draw a fruit ,20,20,True,"To solve this problem, we need to consider both the selection of fruits and the order in which they are drawn. Let's break it down step by step.

1. **Identify the total number of fruits:**
   The basket contains 5 different fruits: 1 apple, 1 peach, 1 pear, 1 melon, and 1 strawberry.

2. **Determine the number of ways to draw the first fruit:**
   Since there are 5 different fruits, there are 5 possible choices for the first draw.

3. **Determine the number of ways to draw the second fruit:**
 "
RL (GRPO),"Given a sequence ${a_n}$ with the sum of its first $n$ terms denoted as $S_n$, i",768,,False,"To find the value of \(a_6\) in the sequence \(\{a_n\}\) where \(a_1 = 1\) and \(a_{n+1} = 3S_n\) for all positive integers \(n\), we will follow these steps:

1. **Identify the relationship between \(a_{n+1}\) and \(S_n\):**
   Given \(a_{n+1} = 3S_n\).

2. **Express \(S_n\) in terms of \(a_n\):**
   The sum of the first \(n\) terms is \(S_n = a_1 + a_2 + \cdots + a_n\).

3. **Find the initial terms:**
   - For \(n = 1\):
     \[
     S_1 = a_1 = 1
     \]
     \[
     a_2 = 3S_1 = 3 \times 1 ="
RL (GRPO),"Given that $a$, $b$, $c$ are all positive numbers, and ${a}^{\frac{3}{2}}+{b}^{\",\frac{a,,False,"To solve the given problem, we will address each part step by step.

### Part (1): Prove \( abc \leq \frac{1}{9} \)

Given:
\[ a^{\frac{3}{2}} + b^{\frac{3}{2}} + c^{\frac{3}{2}} = 1 \]

We will use the AM-GM inequality to prove this. The AM-GM inequality states that for any non-negative real numbers \( x_1, x_2, \ldots, x_n \):
\[ \frac{x_1 + x_2 + \cdots + x_n}{n} \geq \sqrt[n]{x_1 x_2 \cdots x_n} \]

Applying AM-GM to \( a^{\frac{3}{2}}, b^{\frac{3}{2}}, c^{\frac{3}{2}} \):
\[ \frac{a^{\frac{"
RL (GRPO),"While playing a game, Kaleb had 98 lives. After losing some lives, he had a cert",73,73,True,"To determine how many lives Kaleb had left after losing some, we can follow these steps:

1. Identify the initial number of lives Kaleb had.
   - Kaleb initially had 98 lives.

2. Identify the number of lives Kaleb lost.
   - Kaleb lost 25 lives.

3. Subtract the number of lives lost from the initial number of lives to find out how many lives Kaleb has left.
   - Calculation: \( 98 - 25 \)

4. Perform the subtraction:
   - \( 98 - 25 = 73 \)

Therefore, Kaleb had \(\boxed{73}\) lives left."
RL (GRPO),"Let the function $f(x)=\sin (4x+ \frac {\pi}{4})$ where $x\in[0, \frac {9\pi}{16",B,,False,"To solve the problem, we need to analyze the function \( f(x) = \sin(4x + \frac{\pi}{4}) \) and determine the conditions under which the function \( y = f(x) + a \) has exactly three zeros in the interval \( x \in [0, \frac{9\pi}{16}] \).

### Step 1: Determine the period and key points of \( f(x) \)
The function \( f(x) = \sin(4x + \frac{\pi}{4}) \) has a period of \( \frac{2\pi}{4} = \frac{\pi}{2} \). The key points of the sine function occur at:
- \( 4x + \frac{\pi}{4} = 0 \Rightarrow x = -\f"
RL (GRPO),"Given the planar vectors $\vec{a}=(2,4)$, $\vec{b}=(-1,k)$, and $\vec{a} \parall","(3,6)","(3,6)",True,"To solve the problem, we need to follow these steps:

1. Determine the value of \( k \) using the condition that \(\vec{a} \parallel \vec{b}\).
2. Use the value of \( k \) to find the vector \( 2\vec{a} + \vec{b} \).

### Step 1: Determine the value of \( k \)

Two vectors \(\vec{a} = (a_1, a_2)\) and \(\vec{b} = (b_1, b_2)\) are parallel if and only if there exists a scalar \(\lambda\) such that \(\vec{b} = \lambda \vec{a}\). This means that the components of \(\vec{b}\) are proportional to the"
RL (GRPO),"Given that the sequence $\{a_n\}$ is an arithmetic sequence, if $a_3 + a_{11} = ",3,3,True,"To solve for the common difference of the arithmetic sequence \(\{a_n\}\), we start by using the given information about the sequence. The general form of an arithmetic sequence is given by:

\[a_n = a_1 + (n-1)d\]

where \(a_1\) is the first term and \(d\) is the common difference.

We are given two pieces of information:
1. \(a_3 + a_{11} = 24\)
2. \(a_4 = 3\)

First, let's express \(a_3\), \(a_{11}\), and \(a_4\) in terms of \(a_1\) and \(d\):

\[a_3 = a_1 + 2d\]
\[a_{11} = a_1 + 10d\]
\[a_4 "
RL (GRPO),Given that $F\_1$ and $F\_2$ are the left and right foci of the hyperbola $\frac,e=\sqrt{2,,False,"To solve the problem, we need to follow these steps:

1. Identify the coordinates of the foci \( F_1 \) and \( F_2 \).
2. Determine the coordinates of the point \( P \) where the circle intersects the hyperbola.
3. Use the given area of triangle \( PF_1F_2 \) to find the relationship between \( a \) and \( b \).
4. Calculate the eccentricity of the hyperbola.

### Step 1: Identify the coordinates of the foci
The foci of the hyperbola \(\frac{x^2}{a^2} - \frac{y^2}{b^2} = 1\) are located at \( F_"
RL (GRPO),"In the Cartesian coordinate system, there is a point $P$ in the second quadrant.",\text{A:,A,False,"To determine the coordinates of point \( P \) in the second quadrant, we need to consider the given distances from the axes and the properties of the second quadrant.

1. **Identify the quadrant**: The second quadrant is where the \( x \)-coordinate is negative and the \( y \)-coordinate is positive.
2. **Distance from the \( x \)-axis**: The distance from point \( P \) to the \( x \)-axis is 4. This means the \( y \)-coordinate of \( P \) is 4 (since it is in the second quadrant, the \( y \)-co"
RL (GRPO),Two trains are moving in the same direction at 144 kmph and 72 kmph. The faster ,380,380,True,"To solve this problem, we need to calculate the relative speed of the two trains and then use that to find the length of the faster train.

Step 1: Convert the speeds from km/h to m/s.
- Speed of the faster train = 144 km/h = \(144 \times \frac{1000}{3600} = 40\) m/s
- Speed of the slower train = 72 km/h = \(72 \times \frac{1000}{3600} = 20\) m/s

Step 2: Calculate the relative speed between the two trains.
Since both trains are moving in the same direction, the relative speed is the difference "
RL (GRPO),"A supermarket sells a certain product with a profit of $50$ dollars per item, an",2200,1800,False,"To solve this problem, we need to establish the relationship between the price reduction, the sales volume, and the profit.

Let's denote:
- \( x \) as the price reduction in dollars.
- The original profit per item is $50$ dollars.
- The original sales volume is 30 items per day.
- For every $1$ dollar reduction in price, the sales volume increases by 2 items per day.

### Part (1)
When the price of the product is reduced by \( x \) dollars, the new sales volume will be:
\[ 30 + 2x \]
The new pr"
RL (GRPO),"Given the sets $M=\{x|x= \frac {k}{2}+ \frac {1}{4},k\in\mathbb{Z}\}$ and $N=\{x",B,,False,"To determine the relationship between the sets \(M\) and \(N\), we need to analyze the elements of each set in detail.

First, let's express the elements of set \(M\):
\[ M = \left\{ x \mid x = \frac{k}{2} + \frac{1}{4}, k \in \mathbb{Z} \right\} \]
We can rewrite \(x\) as:
\[ x = \frac{2k + 1}{4} \]
This means that every element of \(M\) is of the form \(\frac{2k + 1}{4}\), where \(k\) is an integer. Notice that \(2k + 1\) is always an odd number, so \(x\) is a fraction with an odd numerator an"
RL (GRPO),"Consider a sequence $\{a_n\}$ defined as follows: 1, -2, -2, 3, 3, 3, -4, -4, -4",31^2+47=1008,,False,"To solve the problem, we first need to understand the sequence \( \{a_n\} \) and how it is constructed. The sequence is defined such that for each positive integer \( k \), there are \( k \) terms of \( (-1)^{k-1}k \). Specifically, the sequence starts as follows:
\[ 1, -2, -2, 3, 3, 3, -4, -4, -4, -4, \ldots \]

We can express the sequence in terms of the position \( n \):
\[ a_n = (-1)^{k-1}k \text{ if } \frac{(k-1)k}{2} < n \leq \frac{k(k+1)}{2} \]

### Step 1: Determine the sequence up to \("
RL (GRPO),"Given the function $f(x)=|x+1|-|x-2|$.
$(1)$ Find the solution set of the inequa","(-\infty,\dfrac{5",,False,"To solve the given problem, we need to analyze the function \( f(x) = |x+1| - |x-2| \) in different intervals determined by the points where the expressions inside the absolute values change sign, i.e., at \( x = -1 \) and \( x = 2 \).

### Step 1: Determine the expression for \( f(x) \) in different intervals

1. **For \( x < -1 \):**
   \[
   f(x) = -(x+1) - (-(x-2)) = -x-1 + x-2 = -3
   \]
2. **For \( -1 \leq x < 2 \):**
   \[
   f(x) = (x+1) - (-(x-2)) = x+1 + x-2 = 2x-1
   \]
3. **For \( x "
RL (GRPO),"Elective 4-4: Coordinate System and Parametric Equations

In the Cartesian coord",\left(\frac{3,,False,"To solve the problem, we will follow the steps outlined in the reference solution, ensuring each step is detailed and clear.

### Step 1: Convert the parametric equations of \( C_1 \) to the standard form.
The parametric equations for \( C_1 \) are:
\[
\begin{cases}
x = \sqrt{3} \cos \alpha \\
y = \sin \alpha
\end{cases}
\]
We know that \(\cos^2 \alpha + \sin^2 \alpha = 1\). Therefore, we can write:
\[
\left( \frac{x}{\sqrt{3}} \right)^2 + y^2 = \cos^2 \alpha + \sin^2 \alpha = 1
\]
Thus, the sta"
RL (GRPO),"Given that $f(x)=\frac{4^x-a}{2^x}$ is an odd number, $g(x)=(x-b)(x-2b)$, where ",b\geq\frac{3,,False,"To solve the given problem, we will address each part step by step.

### Part (1): Find the analytical expression of \( f(x) \)

Given that \( f(x) = \frac{4^x - a}{2^x} \) is an odd function, we need to use the property of odd functions: \( f(-x) = -f(x) \).

First, express \( f(-x) \):
\[ f(-x) = \frac{4^{-x} - a}{2^{-x}} = \frac{\frac{1}{4^x} - a}{\frac{1}{2^x}} = \frac{1 - a \cdot 4^x}{2^x} = \frac{1 - a \cdot 4^x}{2^x} \]

Since \( f(x) \) is odd, we have:
\[ f(-x) = -f(x) \]
\[ \frac{1 - a"
RL (GRPO),A bullet train 240 m long is running with a speed of 100 kmph. In what time will,8,8,True,"To solve this problem, we need to calculate the relative speed of the bullet train with respect to the man and then use this to find out how long it takes for the train to pass him.

Step 1: Convert the speeds from km/h to m/s.
- Speed of the bullet train = 100 km/h
- Speed of the man = 8 km/h

To convert km/h to m/s, we multiply by \( \frac{5}{18} \).

\[ \text{Speed of the bullet train in m/s} = 100 \times \frac{5}{18} = \frac{500}{18} = \frac{250}{9} \approx 27.78 \, \text{m/s} \]

\[ \text{S"
RL (GRPO),"Theo, Mason, Roxy, Zara, and Lily are siblings. On weekdays, Theo drinks 8 cups ",296,296,True,"To determine the total number of cups of water the siblings drink in one week, we need to calculate their daily consumption for both weekdays and weekends, then sum these amounts.

First, let's calculate the total number of cups each sibling drinks on weekdays:

- Theo: \(8\) cups/day \(\times 5\) days = \(40\) cups
- Mason: \(7\) cups/day \(\times 5\) days = \(35\) cups
- Roxy: \(9\) cups/day \(\times 5\) days = \(45\) cups
- Zara: \(10\) cups/day \(\times 5\) days = \(50\) cups
- Lily: \(6\) c"
RL (GRPO),"two cars start from the opposite places of a main road , 150 km apart . first ca",65,,False,"Let's break down the problem step by step.

1. **Initial Setup:**
   - The two cars start 150 km apart on a straight main road.
   - Let's call the starting points of the two cars as A and B, with A being the starting point of the first car and B being the starting point of the second car.

2. **First Car's Movement:**
   - The first car starts from A and travels 25 km along the main road towards B.
   - It then takes a right turn (perpendicular to the main road) and travels 15 km.
   - It then "
RL (GRPO),"Given the universal set $U=\{0, 1, 2, 3, 4\}$, $M=\{0, 1, 2\}$, and $N=\{2, 3\}$",B:\{3\,\{3\,False,"To solve the problem, we need to follow these steps:

1. Determine the complement of \(M\) in \(U\), denoted as \(C_U M\).
2. Find the intersection of \(C_U M\) and \(N\).

Let's start with the first step.

The universal set \(U\) is given by:
\[ U = \{0, 1, 2, 3, 4\} \]

The set \(M\) is given by:
\[ M = \{0, 1, 2\} \]

The complement of \(M\) in \(U\), \(C_U M\), is the set of all elements in \(U\) that are not in \(M\). Therefore, we have:
\[ C_U M = \{3, 4\} \]

Next, we need to find the int"
RL (GRPO),"A pet store had eighty-five gerbils. If they sold sixty-nine of them, how many w",16,16,True,"To determine how many gerbils the pet store has left after selling some, we need to perform a simple subtraction. Here are the steps:

1. Identify the initial number of gerbils: 85.
2. Identify the number of gerbils sold: 69.
3. Subtract the number of gerbils sold from the initial number of gerbils.

The calculation is as follows:
\[ 85 - 69 = 16 \]

So, the pet store would have \(\boxed{16}\) gerbils left."
RL (GRPO),All the students of the class are told to sit in a circle shape. The boy at the ,70,70,True,"To solve this problem, we need to understand the arrangement of the students in a circular formation and how being ""exactly opposite"" works in such an arrangement.

1. **Identify the positions**: We know that the 10th boy is exactly opposite to the 45th boy. In a circular arrangement, if one boy is directly opposite another, they are separated by half the total number of boys in the circle.

2. **Calculate the separation**: If the 10th boy is opposite the 45th boy, then the difference between th"
RL (GRPO),"In a community of 120 families, 25 families own 4 dogs and 2 cats, 30 families o",5,,False,"To determine the total number of each type of pet in the community, we will break down the problem step by step.

1. **Calculate the number of families in each category:**
   - Families owning 4 dogs and 2 cats: \(25\) families
   - Families owning 3 dogs, 2 cats, and 1 bird: \(30\) families
   - Families owning 2 dogs, 1 cat, and 3 birds: \(20\) families
   - Remaining families (owning 3 cats and 4 fish): 
     \[
     120 - (25 + 30 + 20) = 120 - 75 = 45 \text{ families}
     \]
   - Families "
RL (GRPO),"A line passing through the focus $F$ of the parabola $C: y^2 = 2px (p > 0)$, wit",C,,False,"To solve the problem, we need to follow these steps:

1. Identify the coordinates of the focus \( F \) and the equation of the directrix \( l \).
2. Determine the coordinates of the intersection point \( M \) of the line passing through \( F \) with slope \( \sqrt{3} \) and the parabola.
3. Find the coordinates of point \( N \) which is the projection of \( M \) onto the directrix.
4. Use the given perimeter of \( \triangle MNF \) to find the value of \( p \).
5. Calculate the area of \( \triang"
RL (GRPO),"Given the set $M={x|y=\sqrt{-x^2+2x+8}}$ and the set $N={x|y=|x|+1}$, determine ",\text{A:,,False,"To determine the intersection of sets \( M \) and \( N \), we first need to find the elements of each set individually.

**Step 1: Determine the set \( M \).**

The set \( M \) is defined by the condition that the expression under the square root must be non-negative:
\[ y = \sqrt{-x^2 + 2x + 8}. \]
This means:
\[ -x^2 + 2x + 8 \geq 0. \]
We solve the quadratic inequality by first finding the roots of the equation:
\[ -x^2 + 2x + 8 = 0. \]
Using the quadratic formula \( x = \frac{-b \pm \sqrt{b^"
RL (GRPO),"In a renowned city, the average birth rate is some people every two seconds and ",4,2,False,"To find the average birth rate in the city, we need to follow these steps:

1. **Determine the net increase per second:**
   - The death rate is given as 2 people every two seconds.
   - Therefore, the death rate per second is:
     \[
     \frac{2 \text{ people}}{2 \text{ seconds}} = 1 \text{ person per second}
     \]

2. **Calculate the net increase per second:**
   - Let \( B \) be the number of births per second.
   - The net increase per second is the difference between the birth rate and "
RL (GRPO),"$(1)$ Calculate: $\sqrt{9}-\sqrt[3]{8}+\sqrt{0.01}$.  
$(2)$ Solve the system of",\left\{\begin{array,"(2,-1)",False,"To solve the given problems, we will address each part step by step.

### Part 1: Calculate \(\sqrt{9} - \sqrt[3]{8} + \sqrt{0.01}\)

1. **Calculate \(\sqrt{9}\):**
   \[
   \sqrt{9} = 3
   \]

2. **Calculate \(\sqrt[3]{8}\):**
   \[
   \sqrt[3]{8} = 2
   \]

3. **Calculate \(\sqrt{0.01}\):**
   \[
   \sqrt{0.01} = \sqrt{0.1^2} = 0.1
   \]

4. **Combine the results:**
   \[
   \sqrt{9} - \sqrt[3]{8} + \sqrt{0.01} = 3 - 2 + 0.1 = 1.1
   \]

Thus, the final answer for part 1 is:
\[
\boxed{1.1}
\]
"
RL (GRPO),The deployment of China's Beidou satellite navigation system has been completed.,2.15\times10^{7,2.15\times10^7,False,"To express the number \(21500000\) in scientific notation, we need to follow these steps:

1. **Identify the significant digits**: The number \(21500000\) has the significant digits 2, 1, and 5.

2. **Move the decimal point**: We move the decimal point from its original position (after the last zero) to just after the first non-zero digit (which is 2). This gives us \(2.15\).

3. **Count the number of places moved**: We moved the decimal point 7 places to the left to get from \(21500000\) to \(2"
RL (GRPO),A train that is 510 meters long is running at a certain speed. It takes 52 secon,45,45,True,"To determine the speed of the train, we need to follow these steps:

1. **Calculate the total distance the train travels while passing the bridge:**
   - The train has to cover its own length plus the length of the bridge.
   - Length of the train = 510 meters
   - Length of the bridge = 140 meters
   - Total distance = 510 meters + 140 meters = 650 meters

2. **Determine the time taken to cover this distance:**
   - Time taken = 52 seconds

3. **Calculate the speed of the train in meters per se"
RL (GRPO),"There are 120 crayons in a box. One third of the crayons are new, 20% are broken",56,56,True,"To determine how many crayons are slightly used, we need to follow these steps:

1. **Calculate the number of new crayons:**
   - One third of the crayons are new.
   - Total crayons = 120.
   - Number of new crayons = \(\frac{1}{3} \times 120 = 40\).

2. **Calculate the number of broken crayons:**
   - 20% of the crayons are broken.
   - Number of broken crayons = \(0.20 \times 120 = 24\).

3. **Calculate the number of slightly used crayons:**
   - The rest of the crayons are slightly used.
   "
RL (GRPO),"Given the function $f(x)=|2x-1|$.
(I) If the solution set of the inequality $f(x",4,\frac{5,False,"To solve the given problem, we will address each part step by step.

### Part (I)

We start with the function \( f(x) = |2x - 1| \). We need to solve the inequality \( f\left(x + \frac{1}{2}\right) \leq 2m - 1 \) and determine the value of \( m \) such that the solution set is \([-2, 2]\).

First, substitute \( x + \frac{1}{2} \) into \( f(x) \):
\[ f\left(x + \frac{1}{2}\right) = \left|2\left(x + \frac{1}{2}\right) - 1\right| = |2x + 1 - 1| = |2x|. \]
So the inequality becomes:
\[ |2x| \leq 2m "
RL (GRPO),A train is travelling at a certain speed and crosses a pole in 5 seconds. The le,90.0072,90.01,False,"To find the speed of the train in kilometers per hour (km/h), we can follow these steps:

1. **Determine the distance traveled by the train to cross the pole:**
   - The train crosses a pole, which means it travels a distance equal to its own length.
   - Given the length of the train is 125.01 meters.

2. **Calculate the time taken to travel this distance:**
   - The problem states that the train takes 5 seconds to cross the pole.

3. **Calculate the speed in meters per second (m/s):**
   - Spe"
